category_code,brand,Packaging Material,Shipping Mode,Usage Duration,Repairability Score
accessories.bag,airline,Cardboard,Road,2,6
accessories.bag,apacer,Plastic,Air,3,5
accessories.bag,arena,Cardboard,Road,2,7
accessories.bag,arktika,Paper,Air,4,5
accessories.bag,asics,Cardboard,Road,2,6
accessories.bag,asus,Paper,Air,3,6
accessories.bag,babolat,Plastic,Road,4,6
accessories.bag,bestway,Paper,Road,3,6
accessories.bag,canon,Paper,Road,3,6
accessories.bag,chicco,Plastic,Air,2,7
accessories.bag,continent,Paper,Road,3,7
accessories.bag,cullmann,Cardboard,Road,3,5
accessories.bag,dji,Paper,Road,2,7
accessories.bag,ezetil,Paper,Road,4,5
accessories.bag,ggg,Paper,Road,4,5
accessories.bag,herschel,Plastic,Road,2,5
accessories.bag,incase,Plastic,Road,4,7
accessories.bag,kingston,Paper,Air,4,6
accessories.bag,lenovo,Plastic,Air,3,5
accessories.bag,lori,Paper,Air,2,5
accessories.bag,lowepro,Paper,Road,3,5
accessories.bag,manfrotto,Cardboard,Air,4,7
accessories.bag,moshi,Plastic,Air,2,5
accessories.bag,neo,Cardboard,Air,3,7
accessories.bag,none,Plastic,Road,3,6
accessories.bag,pgytech,Cardboard,Air,3,5
accessories.bag,riva,Plastic,Road,3,6
accessories.bag,rivacase,Plastic,Road,4,6
accessories.bag,samsonite,Cardboard,Road,4,5
accessories.bag,samsung,Paper,Air,2,5
accessories.bag,sony,Plastic,Road,4,7
accessories.bag,sumdex,Paper,Road,4,7
accessories.bag,thule,Paper,Road,2,6
accessories.bag,topeak,Plastic,Road,2,6
accessories.bag,transcend,Cardboard,Road,4,6
accessories.bag,tucano,Plastic,Air,4,7
accessories.bag,wilson,Paper,Air,3,5
accessories.bag,wxd,Paper,Road,4,7
accessories.bag,xiaomi,Cardboard,Air,4,7
accessories.umbrella,art.home,Plastic,Road,4,6
accessories.umbrella,millet,Plastic,Road,2,6
accessories.umbrella,none,Cardboard,Air,4,5
accessories.umbrella,tramp,Plastic,Road,4,5
accessories.umbrella,vaude,Plastic,Road,3,7
apparel.costume,aquael,Cardboard,Road,1,4
apparel.glove,chistotel,Plastic,Road,2,3
apparel.glove,citoderm,Plastic,Air,3,4
apparel.glove,cliny,Paper,Air,1,2
apparel.glove,dji,Plastic,Air,3,3
apparel.glove,elfe,Paper,Air,1,3
apparel.glove,everlast,Plastic,Air,1,3
apparel.glove,mujjo,Cardboard,Air,3,3
apparel.glove,nintendo,Plastic,Road,1,3
apparel.glove,nvidia,Plastic,Air,1,3
apparel.glove,palisad,Plastic,Road,3,3
apparel.glove,rossija,Paper,Road,3,3
apparel.glove,sibrtekh,Cardboard,Road,3,4
apparel.glove,sony,Paper,Road,3,4
apparel.glove,xbox,Cardboard,Air,1,3
apparel.shirt,ggg,Paper,Road,1,3
apparel.shoes,alpina,Plastic,Road,2,3
apparel.shoes,lange,Paper,Road,3,4
apparel.sock,chicco,Plastic,Air,3,2
apparel.sock,orico,Paper,Air,2,3
apparel.sock,qnap,Paper,Air,2,4
apparel.sock,savic,Paper,Road,2,2
apparel.sock,synology,Cardboard,Air,3,4
apparel.sock,transcend,Cardboard,Air,1,3
apparel.trousers,ggg,Cardboard,Road,1,2
apparel.tshirt,ggg,Cardboard,Air,2,2
appliances.environment.air_conditioner,ava,Plastic,Sea,8,8
appliances.environment.air_conditioner,babolat,Thermacol,Road,9,5
appliances.environment.air_conditioner,beko,Cardboard,Road,8,7
appliances.environment.air_conditioner,belita,Cardboard,Sea,10,5
appliances.environment.air_conditioner,compliment,Thermacol,Sea,11,6
appliances.environment.air_conditioner,daikin,Cardboard,Road,9,5
appliances.environment.air_conditioner,insight,Plastic,Road,9,7
appliances.environment.air_conditioner,kerasys,Thermacol,Road,9,7
appliances.environment.air_conditioner,lg,Thermacol,Road,9,6
appliances.environment.air_conditioner,midea,Thermacol,Road,8,7
appliances.environment.air_conditioner,none,Cardboard,Road,12,8
appliances.environment.air_conditioner,panasonic,Cardboard,Road,9,6
appliances.environment.air_conditioner,samsung,Thermacol,Sea,12,6
appliances.environment.air_conditioner,vitehks,Thermacol,Sea,10,5
appliances.environment.air_heater,ava,Cardboard,Sea,12,6
appliances.environment.air_heater,bork,Thermacol,Sea,10,8
appliances.environment.air_heater,delonghi,Cardboard,Road,12,5
appliances.environment.air_heater,hintek,Cardboard,Road,12,7
appliances.environment.air_heater,luxell,Thermacol,Road,10,5
appliances.environment.air_heater,polaris,Cardboard,Sea,10,5
appliances.environment.air_heater,resanta,Plastic,Road,8,6
appliances.environment.air_heater,runwin,Cardboard,Road,10,6
appliances.environment.air_heater,tefal,Thermacol,Sea,10,5
appliances.environment.air_heater,timberk,Thermacol,Sea,9,5
appliances.environment.climate,aehrolayf,Cardboard,Sea,10,8
appliances.environment.climate,ariston,Cardboard,Sea,11,7
appliances.environment.climate,bork,Thermacol,Sea,11,5
appliances.environment.climate,filtrete,Plastic,Sea,8,8
appliances.environment.climate,lihom,Thermacol,Sea,12,6
appliances.environment.climate,panasonic,Thermacol,Road,12,5
appliances.environment.climate,philips,Thermacol,Sea,10,8
appliances.environment.climate,venta,Thermacol,Road,12,7
appliances.environment.climate,xiaomi,Plastic,Road,12,6
appliances.environment.fan,ava,Thermacol,Sea,11,5
appliances.environment.fan,bork,Cardboard,Road,10,7
appliances.environment.fan,neo,Thermacol,Road,8,6
appliances.environment.fan,polaris,Cardboard,Sea,12,6
appliances.environment.fan,sencor,Plastic,Sea,11,7
appliances.environment.fan,symphony,Thermacol,Road,12,8
appliances.environment.fan,tefal,Thermacol,Sea,9,8
appliances.environment.vacuum,airline,Cardboard,Road,10,6
appliances.environment.vacuum,arnica,Cardboard,Sea,11,6
appliances.environment.vacuum,ava,Cardboard,Road,9,8
appliances.environment.vacuum,bissell,Plastic,Road,12,6
appliances.environment.vacuum,bork,Thermacol,Sea,12,7
appliances.environment.vacuum,bosch,Plastic,Sea,9,6
appliances.environment.vacuum,delonghi,Plastic,Road,11,5
appliances.environment.vacuum,dyson,Thermacol,Road,10,7
appliances.environment.vacuum,elari,Cardboard,Road,8,6
appliances.environment.vacuum,electrolux,Plastic,Sea,8,7
appliances.environment.vacuum,filtero,Cardboard,Sea,8,8
appliances.environment.vacuum,gutrend,Thermacol,Road,12,5
appliances.environment.vacuum,huter,Cardboard,Sea,8,5
appliances.environment.vacuum,hyundai,Plastic,Road,8,5
appliances.environment.vacuum,karcher,Thermacol,Sea,10,5
appliances.environment.vacuum,lg,Cardboard,Road,11,5
appliances.environment.vacuum,makita,Plastic,Road,9,7
appliances.environment.vacuum,none,Thermacol,Sea,10,7
appliances.environment.vacuum,ozone,Plastic,Sea,9,7
appliances.environment.vacuum,philips,Thermacol,Road,10,8
appliances.environment.vacuum,polaris,Thermacol,Road,9,5
appliances.environment.vacuum,redmond,Thermacol,Road,9,5
appliances.environment.vacuum,samsung,Cardboard,Road,9,5
appliances.environment.vacuum,sencor,Thermacol,Sea,9,8
appliances.environment.vacuum,stihl,Cardboard,Road,11,6
appliances.environment.vacuum,tefal,Cardboard,Sea,10,7
appliances.environment.vacuum,thomas,Plastic,Sea,10,8
appliances.environment.vacuum,topperr,Plastic,Sea,11,5
appliances.environment.vacuum,vitek,Thermacol,Sea,11,6
appliances.environment.vacuum,xiaomi,Plastic,Road,8,7
appliances.environment.water_heater,aqua,Plastic,Sea,8,8
appliances.environment.water_heater,ariston,Cardboard,Road,9,8
appliances.environment.water_heater,atmor,Thermacol,Sea,9,7
appliances.environment.water_heater,ava,Plastic,Road,10,5
appliances.environment.water_heater,canon,Cardboard,Sea,10,7
appliances.environment.water_heater,etalon,Cardboard,Sea,9,7
appliances.environment.water_heater,garanterm,Plastic,Road,11,8
appliances.environment.water_heater,hyundai,Cardboard,Road,11,6
appliances.environment.water_heater,midea,Cardboard,Sea,9,7
appliances.environment.water_heater,polaris,Cardboard,Road,8,7
appliances.environment.water_heater,superlux,Plastic,Sea,10,7
appliances.environment.water_heater,thermex,Plastic,Road,11,5
appliances.iron,ava,Plastic,Sea,5,7
appliances.iron,bork,Paper,Sea,4,7
appliances.iron,braun,Plastic,Sea,5,5
appliances.iron,different,Paper,Sea,3,7
appliances.iron,hotpoint-ariston,Plastic,Sea,5,6
appliances.iron,karcher,Plastic,Road,4,7
appliances.iron,laurastar,Plastic,Road,3,6
appliances.iron,maxwell,Paper,Road,3,7
appliances.iron,nika,Cardboard,Sea,3,6
appliances.iron,philips,Plastic,Road,4,6
appliances.iron,polaris,Cardboard,Road,3,5
appliances.iron,rowenta,Cardboard,Sea,4,7
appliances.iron,scarlett,Plastic,Sea,5,5
appliances.iron,tefal,Plastic,Sea,3,6
appliances.iron,topperr,Paper,Sea,5,5
appliances.iron,vitek,Plastic,Sea,4,7
appliances.ironing_board,braun,Paper,Road,5,7
appliances.ironing_board,delonghi,Paper,Sea,5,5
appliances.ironing_board,haushalt,Paper,Sea,4,5
appliances.ironing_board,nika,Plastic,Sea,5,5
appliances.ironing_board,perilla,Cardboard,Sea,5,5
appliances.ironing_board,philips,Paper,Sea,4,7
appliances.ironing_board,tefal,Plastic,Sea,4,7
appliances.kitchen.blender,bork,Plastic,Sea,9,8
appliances.kitchen.blender,bosch,Cardboard,Road,8,6
appliances.kitchen.blender,braun,Plastic,Sea,9,6
appliances.kitchen.blender,electrolux,Thermacol,Road,8,8
appliances.kitchen.blender,kitchenaid,Plastic,Sea,10,7
appliances.kitchen.blender,maxwell,Cardboard,Sea,9,6
appliances.kitchen.blender,moulinex,Thermacol,Road,7,8
appliances.kitchen.blender,neo,Thermacol,Sea,9,6
appliances.kitchen.blender,panasonic,Plastic,Sea,9,7
appliances.kitchen.blender,philips,Thermacol,Road,6,7
appliances.kitchen.blender,polaris,Cardboard,Road,7,7
appliances.kitchen.blender,redmond,Cardboard,Sea,7,7
appliances.kitchen.blender,scarlett,Thermacol,Road,10,8
appliances.kitchen.blender,sencor,Thermacol,Road,10,7
appliances.kitchen.blender,smeg,Cardboard,Road,9,6
appliances.kitchen.blender,vitek,Cardboard,Sea,8,8
appliances.kitchen.blender,wmf,Thermacol,Sea,9,8
appliances.kitchen.coffee_grinder,ava,Plastic,Sea,7,8
appliances.kitchen.coffee_grinder,bork,Plastic,Road,10,7
appliances.kitchen.coffee_grinder,bosch,Cardboard,Road,8,7
appliances.kitchen.coffee_grinder,delonghi,Thermacol,Road,7,8
appliances.kitchen.coffee_grinder,melitta,Plastic,Sea,7,6
appliances.kitchen.coffee_grinder,polaris,Plastic,Sea,8,6
appliances.kitchen.coffee_grinder,sencor,Plastic,Sea,8,6
appliances.kitchen.coffee_machine,berghoff,Plastic,Road,6,8
appliances.kitchen.coffee_machine,bork,Cardboard,Sea,10,6
appliances.kitchen.coffee_machine,bosch,Cardboard,Road,9,6
appliances.kitchen.coffee_machine,braun,Plastic,Sea,10,6
appliances.kitchen.coffee_machine,cremesso,Thermacol,Road,7,8
appliances.kitchen.coffee_machine,delonghi,Cardboard,Sea,10,8
appliances.kitchen.coffee_machine,electrolux,Plastic,Sea,9,6
appliances.kitchen.coffee_machine,krups,Plastic,Sea,6,8
appliances.kitchen.coffee_machine,maestro,Plastic,Sea,9,6
appliances.kitchen.coffee_machine,melitta,Thermacol,Sea,9,6
appliances.kitchen.coffee_machine,none,Plastic,Road,7,6
appliances.kitchen.coffee_machine,peterhof,Plastic,Road,10,6
appliances.kitchen.coffee_machine,philips,Thermacol,Road,9,8
appliances.kitchen.coffee_machine,polaris,Thermacol,Road,6,7
appliances.kitchen.coffee_machine,rondell,Cardboard,Sea,10,7
appliances.kitchen.coffee_machine,smeg,Plastic,Road,8,7
appliances.kitchen.coffee_machine,vitek,Plastic,Road,10,8
appliances.kitchen.coffee_machine,wmf,Plastic,Road,10,6
appliances.kitchen.dishwasher,aeg,Cardboard,Road,8,6
appliances.kitchen.dishwasher,beko,Plastic,Road,10,7
appliances.kitchen.dishwasher,bosch,Thermacol,Sea,9,8
appliances.kitchen.dishwasher,electrolux,Cardboard,Sea,6,6
appliances.kitchen.dishwasher,gorenje,Plastic,Road,10,7
appliances.kitchen.dishwasher,hansa,Thermacol,Road,10,7
appliances.kitchen.dishwasher,hotpoint-ariston,Plastic,Sea,7,6
appliances.kitchen.dishwasher,indesit,Cardboard,Sea,10,8
appliances.kitchen.dishwasher,kitchenaid,Cardboard,Road,10,6
appliances.kitchen.dishwasher,midea,Thermacol,Sea,7,6
appliances.kitchen.dishwasher,samsung,Plastic,Road,6,8
appliances.kitchen.dishwasher,smeg,Cardboard,Road,10,7
appliances.kitchen.dishwasher,whirlpool,Plastic,Road,10,8
appliances.kitchen.fryer,philips,Plastic,Sea,6,7
appliances.kitchen.fryer,tefal,Plastic,Road,7,7
appliances.kitchen.grill,bork,Plastic,Sea,10,7
appliances.kitchen.grill,bosch,Cardboard,Road,7,8
appliances.kitchen.grill,char-broil,Cardboard,Sea,9,7
appliances.kitchen.grill,delonghi,Plastic,Road,6,7
appliances.kitchen.grill,grillver,Cardboard,Road,9,7
appliances.kitchen.grill,moulinex,Thermacol,Road,10,8
appliances.kitchen.grill,polaris,Plastic,Sea,9,6
appliances.kitchen.grill,scarlett,Cardboard,Sea,10,6
appliances.kitchen.grill,sencor,Plastic,Sea,9,7
appliances.kitchen.grill,tefal,Cardboard,Road,8,8
appliances.kitchen.grill,weber,Plastic,Road,6,8
appliances.kitchen.hood,aeg,Cardboard,Road,6,8
appliances.kitchen.hood,akpo,Plastic,Road,9,8
appliances.kitchen.hood,ava,Thermacol,Road,9,8
appliances.kitchen.hood,beko,Plastic,Road,9,8
appliances.kitchen.hood,bosch,Plastic,Sea,10,6
appliances.kitchen.hood,dauscher,Thermacol,Road,7,7
appliances.kitchen.hood,electrolux,Cardboard,Sea,6,6
appliances.kitchen.hood,elica,Thermacol,Road,9,7
appliances.kitchen.hood,gefest,Cardboard,Sea,9,7
appliances.kitchen.hood,gorenje,Thermacol,Sea,8,8
appliances.kitchen.hood,hansa,Plastic,Road,9,7
appliances.kitchen.hood,hotpoint-ariston,Plastic,Sea,9,7
appliances.kitchen.hood,indesit,Cardboard,Road,10,6
appliances.kitchen.hood,jetair,Cardboard,Sea,7,6
appliances.kitchen.hood,kitchenaid,Cardboard,Sea,6,6
appliances.kitchen.hood,lg,Plastic,Road,8,8
appliances.kitchen.hood,midea,Cardboard,Sea,6,7
appliances.kitchen.hood,none,Plastic,Sea,7,8
appliances.kitchen.hood,samsung,Plastic,Road,9,7
appliances.kitchen.hood,simfer,Plastic,Sea,8,7
appliances.kitchen.juicer,bork,Plastic,Road,6,7
appliances.kitchen.juicer,bosch,Cardboard,Road,10,6
appliances.kitchen.juicer,braun,Thermacol,Sea,8,8
appliances.kitchen.juicer,hurom,Cardboard,Road,8,8
appliances.kitchen.juicer,kenwood,Thermacol,Road,6,8
appliances.kitchen.juicer,maxwell,Thermacol,Sea,7,8
appliances.kitchen.juicer,moulinex,Thermacol,Sea,7,8
appliances.kitchen.juicer,neo,Plastic,Road,7,7
appliances.kitchen.juicer,panasonic,Thermacol,Road,6,7
appliances.kitchen.juicer,philips,Cardboard,Sea,7,7
appliances.kitchen.juicer,polaris,Plastic,Road,8,8
appliances.kitchen.juicer,redmond,Cardboard,Sea,10,8
appliances.kitchen.juicer,scarlett,Thermacol,Sea,10,7
appliances.kitchen.juicer,sencor,Plastic,Sea,6,6
appliances.kitchen.juicer,vitek,Thermacol,Sea,8,6
appliances.kitchen.kettle,akku,Plastic,Road,6,6
appliances.kitchen.kettle,apollo,Thermacol,Road,10,6
appliances.kitchen.kettle,ava,Cardboard,Road,9,7
appliances.kitchen.kettle,berghoff,Thermacol,Sea,10,8
appliances.kitchen.kettle,bork,Cardboard,Road,9,8
appliances.kitchen.kettle,borner,Thermacol,Sea,6,6
appliances.kitchen.kettle,bosch,Thermacol,Sea,10,8
appliances.kitchen.kettle,braun,Plastic,Sea,10,6
appliances.kitchen.kettle,delonghi,Thermacol,Road,9,6
appliances.kitchen.kettle,fissman,Thermacol,Road,10,8
appliances.kitchen.kettle,kenwood,Cardboard,Sea,10,8
appliances.kitchen.kettle,kitchenaid,Thermacol,Road,10,6
appliances.kitchen.kettle,maestro,Plastic,Sea,8,7
appliances.kitchen.kettle,maxwell,Cardboard,Sea,8,6
appliances.kitchen.kettle,muljhtidom,Cardboard,Road,8,6
appliances.kitchen.kettle,neo,Cardboard,Sea,9,6
appliances.kitchen.kettle,none,Plastic,Sea,6,8
appliances.kitchen.kettle,panasonic,Thermacol,Sea,10,8
appliances.kitchen.kettle,peterhof,Cardboard,Road,9,7
appliances.kitchen.kettle,philips,Thermacol,Road,8,6
appliances.kitchen.kettle,polaris,Plastic,Sea,10,8
appliances.kitchen.kettle,provence,Cardboard,Sea,10,8
appliances.kitchen.kettle,redmond,Plastic,Road,8,8
appliances.kitchen.kettle,resto,Plastic,Road,6,6
appliances.kitchen.kettle,rondell,Cardboard,Road,9,7
appliances.kitchen.kettle,scarlett,Cardboard,Sea,8,6
appliances.kitchen.kettle,sencor,Cardboard,Sea,8,8
appliances.kitchen.kettle,smeg,Plastic,Sea,9,6
appliances.kitchen.kettle,tefal,Plastic,Sea,8,6
appliances.kitchen.kettle,vitek,Cardboard,Road,9,8
appliances.kitchen.kettle,wilmax,Plastic,Sea,7,6
appliances.kitchen.kettle,wmf,Thermacol,Sea,9,7
appliances.kitchen.kettle,xiaomi,Cardboard,Road,7,6
appliances.kitchen.meat_grinder,aksion,Thermacol,Road,10,6
appliances.kitchen.meat_grinder,ava,Thermacol,Sea,7,7
appliances.kitchen.meat_grinder,bork,Plastic,Sea,7,7
appliances.kitchen.meat_grinder,bosch,Plastic,Sea,10,7
appliances.kitchen.meat_grinder,kenwood,Plastic,Road,6,8
appliances.kitchen.meat_grinder,moulinex,Thermacol,Sea,10,6
appliances.kitchen.meat_grinder,neo,Cardboard,Sea,6,8
appliances.kitchen.meat_grinder,panasonic,Plastic,Sea,8,7
appliances.kitchen.meat_grinder,philips,Thermacol,Sea,7,6
appliances.kitchen.meat_grinder,polaris,Cardboard,Sea,8,8
appliances.kitchen.meat_grinder,redmond,Cardboard,Road,6,8
appliances.kitchen.meat_grinder,vitek,Plastic,Road,8,8
appliances.kitchen.microwave,aeg,Thermacol,Sea,8,6
appliances.kitchen.microwave,ava,Plastic,Road,7,6
appliances.kitchen.microwave,beko,Plastic,Road,9,7
appliances.kitchen.microwave,bork,Cardboard,Sea,10,7
appliances.kitchen.microwave,bosch,Cardboard,Sea,6,8
appliances.kitchen.microwave,daewoo,Thermacol,Road,7,6
appliances.kitchen.microwave,delonghi,Plastic,Road,10,7
appliances.kitchen.microwave,electrolux,Cardboard,Sea,9,6
appliances.kitchen.microwave,franke,Thermacol,Road,6,8
appliances.kitchen.microwave,gorenje,Cardboard,Sea,7,7
appliances.kitchen.microwave,hansa,Thermacol,Road,7,8
appliances.kitchen.microwave,hotpoint-ariston,Thermacol,Sea,7,7
appliances.kitchen.microwave,lg,Thermacol,Road,6,8
appliances.kitchen.microwave,midea,Plastic,Road,9,6
appliances.kitchen.microwave,panasonic,Plastic,Sea,9,6
appliances.kitchen.microwave,samsung,Cardboard,Sea,8,8
appliances.kitchen.mixer,bosch,Plastic,Sea,6,7
appliances.kitchen.mixer,braun,Thermacol,Sea,9,7
appliances.kitchen.mixer,kitchenaid,Plastic,Road,6,7
appliances.kitchen.mixer,matrix,Thermacol,Sea,10,8
appliances.kitchen.mixer,maxwell,Cardboard,Sea,10,7
appliances.kitchen.mixer,moulinex,Plastic,Road,8,8
appliances.kitchen.mixer,none,Cardboard,Road,9,8
appliances.kitchen.mixer,panasonic,Plastic,Road,7,6
appliances.kitchen.mixer,philips,Plastic,Sea,9,6
appliances.kitchen.mixer,polaris,Thermacol,Road,9,6
appliances.kitchen.mixer,scarlett,Thermacol,Sea,6,8
appliances.kitchen.mixer,sibrtekh,Cardboard,Sea,8,8
appliances.kitchen.oven,aeg,Cardboard,Sea,7,7
appliances.kitchen.oven,beko,Cardboard,Road,10,8
appliances.kitchen.oven,bosch,Plastic,Sea,7,8
appliances.kitchen.oven,electrolux,Thermacol,Sea,8,7
appliances.kitchen.oven,gefest,Thermacol,Sea,9,6
appliances.kitchen.oven,gorenje,Cardboard,Road,7,8
appliances.kitchen.oven,hansa,Cardboard,Sea,8,8
appliances.kitchen.oven,hotpoint-ariston,Thermacol,Road,8,8
appliances.kitchen.oven,indesit,Thermacol,Sea,8,7
appliances.kitchen.oven,lg,Cardboard,Sea,6,6
appliances.kitchen.oven,midea,Cardboard,Road,9,6
appliances.kitchen.oven,samsung,Thermacol,Road,10,7
appliances.kitchen.oven,simfer,Thermacol,Sea,7,7
appliances.kitchen.oven,whirlpool,Cardboard,Road,6,6
appliances.kitchen.refrigerators,aeg,Cardboard,Sea,9,8
appliances.kitchen.refrigerators,atlant,Thermacol,Sea,8,7
appliances.kitchen.refrigerators,ava,Cardboard,Sea,8,8
appliances.kitchen.refrigerators,beko,Cardboard,Road,7,8
appliances.kitchen.refrigerators,birjusa,Plastic,Sea,8,8
appliances.kitchen.refrigerators,bosch,Plastic,Sea,7,7
appliances.kitchen.refrigerators,caso,Plastic,Road,9,8
appliances.kitchen.refrigerators,daewoo,Thermacol,Road,9,6
appliances.kitchen.refrigerators,different,Plastic,Sea,7,7
appliances.kitchen.refrigerators,electrolux,Plastic,Sea,10,7
appliances.kitchen.refrigerators,gorenje,Cardboard,Road,9,7
appliances.kitchen.refrigerators,hansa,Thermacol,Sea,9,8
appliances.kitchen.refrigerators,hitachi,Plastic,Sea,9,6
appliances.kitchen.refrigerators,hotpoint-ariston,Thermacol,Road,7,6
appliances.kitchen.refrigerators,indesit,Plastic,Sea,7,7
appliances.kitchen.refrigerators,janome,Cardboard,Sea,9,8
appliances.kitchen.refrigerators,kramet,Plastic,Road,6,8
appliances.kitchen.refrigerators,lg,Cardboard,Road,8,8
appliances.kitchen.refrigerators,liebherr,Cardboard,Road,10,6
appliances.kitchen.refrigerators,midea,Thermacol,Sea,7,8
appliances.kitchen.refrigerators,muljhtidom,Plastic,Road,10,7
appliances.kitchen.refrigerators,neo,Thermacol,Sea,8,8
appliances.kitchen.refrigerators,none,Cardboard,Road,10,8
appliances.kitchen.refrigerators,organ,Cardboard,Sea,8,7
appliances.kitchen.refrigerators,pozis,Thermacol,Road,8,7
appliances.kitchen.refrigerators,samsung,Plastic,Sea,10,7
appliances.kitchen.refrigerators,smeg,Plastic,Road,6,7
appliances.kitchen.refrigerators,status,Plastic,Sea,6,7
appliances.kitchen.refrigerators,trio,Cardboard,Road,6,8
appliances.kitchen.refrigerators,uteki,Cardboard,Road,7,8
appliances.kitchen.refrigerators,whirlpool,Plastic,Road,8,6
appliances.kitchen.steam_cooker,braun,Cardboard,Sea,8,7
appliances.kitchen.steam_cooker,polaris,Plastic,Sea,6,8
appliances.kitchen.steam_cooker,puff,Cardboard,Road,8,8
appliances.kitchen.steam_cooker,scarlett,Cardboard,Sea,7,7
appliances.kitchen.steam_cooker,tefal,Cardboard,Sea,6,6
appliances.kitchen.steam_cooker,wmf,Plastic,Sea,7,8
appliances.kitchen.toster,bork,Thermacol,Road,6,8
appliances.kitchen.toster,bosch,Plastic,Road,6,7
appliances.kitchen.toster,braun,Plastic,Sea,10,6
appliances.kitchen.toster,delonghi,Thermacol,Sea,9,8
appliances.kitchen.toster,kitchenaid,Plastic,Sea,10,8
appliances.kitchen.toster,maxwell,Plastic,Road,9,6
appliances.kitchen.toster,philips,Cardboard,Road,10,6
appliances.kitchen.toster,polaris,Plastic,Sea,6,7
appliances.kitchen.toster,scarlett,Cardboard,Road,10,8
appliances.kitchen.toster,sencor,Thermacol,Road,8,6
appliances.kitchen.toster,smeg,Cardboard,Sea,7,8
appliances.kitchen.toster,tefal,Thermacol,Sea,10,8
appliances.kitchen.toster,vitek,Thermacol,Road,7,8
appliances.kitchen.toster,wmf,Thermacol,Road,10,7
appliances.kitchen.washer,aeg,Thermacol,Sea,7,8
appliances.kitchen.washer,atlant,Plastic,Sea,9,8
appliances.kitchen.washer,ava,Plastic,Road,8,6
appliances.kitchen.washer,beko,Thermacol,Road,8,6
appliances.kitchen.washer,bosch,Thermacol,Road,8,6
appliances.kitchen.washer,daewoo,Plastic,Sea,10,6
appliances.kitchen.washer,electrolux,Cardboard,Sea,8,7
appliances.kitchen.washer,hansa,Thermacol,Road,10,6
appliances.kitchen.washer,hotpoint-ariston,Cardboard,Sea,10,7
appliances.kitchen.washer,indesit,Thermacol,Sea,8,6
appliances.kitchen.washer,lg,Plastic,Sea,7,7
appliances.kitchen.washer,midea,Cardboard,Road,10,8
appliances.kitchen.washer,miele,Plastic,Road,6,7
appliances.kitchen.washer,none,Thermacol,Road,9,6
appliances.kitchen.washer,samsung,Plastic,Sea,7,6
appliances.kitchen.washer,tayfun,Plastic,Road,6,7
appliances.kitchen.washer,whirlpool,Cardboard,Sea,8,7
appliances.personal.hair_cutter,babyliss,Plastic,Road,3,5
appliances.personal.hair_cutter,braun,Plastic,Road,5,7
appliances.personal.hair_cutter,gerat,Cardboard,Sea,3,5
appliances.personal.hair_cutter,imetec,Cardboard,Sea,3,7
appliances.personal.hair_cutter,panasonic,Plastic,Sea,5,5
appliances.personal.hair_cutter,philips,Cardboard,Sea,3,7
appliances.personal.hair_cutter,polaris,Plastic,Road,4,6
appliances.personal.hair_cutter,remington,Cardboard,Sea,5,5
appliances.personal.hair_cutter,rowenta,Cardboard,Road,5,5
appliances.personal.hair_cutter,scarlett,Cardboard,Road,4,7
appliances.personal.massager,babyliss,Paper,Road,4,6
appliances.personal.massager,bellissima,Plastic,Sea,3,5
appliances.personal.massager,beurer,Plastic,Road,3,7
appliances.personal.massager,bork,Plastic,Road,4,6
appliances.personal.massager,bradex,Paper,Road,3,5
appliances.personal.massager,braun,Plastic,Sea,5,6
appliances.personal.massager,casada,Cardboard,Sea,4,6
appliances.personal.massager,gezatone,Plastic,Road,5,7
appliances.personal.massager,medisana,Paper,Road,4,6
appliances.personal.massager,none,Paper,Road,3,5
appliances.personal.massager,philips,Plastic,Sea,3,5
appliances.personal.massager,polaris,Plastic,Road,5,6
appliances.personal.massager,remington,Cardboard,Sea,5,5
appliances.personal.massager,rowenta,Paper,Sea,3,5
appliances.personal.massager,scarlett,Plastic,Sea,4,6
appliances.personal.massager,vitek,Paper,Road,4,5
appliances.personal.scales,ava,Cardboard,Road,3,7
appliances.personal.scales,beurer,Cardboard,Road,4,5
appliances.personal.scales,galaxy,Cardboard,Road,4,5
appliances.personal.scales,gerat,Plastic,Road,4,7
appliances.personal.scales,hintek,Cardboard,Sea,3,7
appliances.personal.scales,huawei,Cardboard,Road,4,7
appliances.personal.scales,imetec,Paper,Sea,5,7
appliances.personal.scales,maxwell,Plastic,Road,3,7
appliances.personal.scales,medisana,Cardboard,Sea,3,7
appliances.personal.scales,none,Paper,Sea,5,7
appliances.personal.scales,omron,Paper,Sea,5,5
appliances.personal.scales,polaris,Cardboard,Sea,5,5
appliances.personal.scales,redmond,Plastic,Sea,3,6
appliances.personal.scales,resanta,Cardboard,Road,5,5
appliances.personal.scales,scarlett,Paper,Road,4,6
appliances.personal.scales,sencor,Paper,Road,5,7
appliances.personal.scales,tefal,Paper,Sea,4,7
appliances.personal.scales,vitek,Cardboard,Sea,3,6
appliances.personal.scales,xiaomi,Cardboard,Sea,3,5
appliances.sewing_machine,aoki,Paper,Sea,4,5
appliances.sewing_machine,brother,Plastic,Sea,4,6
appliances.sewing_machine,chayka,Cardboard,Road,3,6
appliances.sewing_machine,jack,Cardboard,Road,3,5
appliances.sewing_machine,jaguar,Paper,Road,5,5
appliances.sewing_machine,janome,Plastic,Road,4,5
appliances.sewing_machine,none,Plastic,Road,5,6
appliances.sewing_machine,singer,Paper,Sea,3,5
appliances.steam_cleaner,bork,Paper,Road,3,5
appliances.steam_cleaner,karcher,Cardboard,Sea,3,5
appliances.steam_cleaner,sencor,Cardboard,Sea,5,5
appliances.steam_cleaner,xiaomi,Cardboard,Road,3,6
auto.accessories.alarm,pandora,Foam,Road,6,8
auto.accessories.alarm,starline,Foam,Sea,8,8
auto.accessories.anti_freeze,airline,Plastic,Road,7,8
auto.accessories.anti_freeze,alfa,Plastic,Sea,6,6
auto.accessories.anti_freeze,bardahl,Plastic,Road,7,6
auto.accessories.anti_freeze,pemco,Foam,Sea,7,8
auto.accessories.anti_freeze,swag,Cardboard,Sea,8,6
auto.accessories.compressor,airline,Cardboard,Road,8,8
auto.accessories.compressor,chameleon,Cardboard,Sea,7,7
auto.accessories.compressor,continent,Plastic,Road,8,7
auto.accessories.compressor,goodyear,Cardboard,Sea,8,8
auto.accessories.compressor,parkcity,Plastic,Road,6,8
auto.accessories.compressor,tornado,Cardboard,Sea,5,8
auto.accessories.compressor,voin,Plastic,Sea,5,6
auto.accessories.player,bardahl,Foam,Road,8,6
auto.accessories.player,jvc,Foam,Road,8,8
auto.accessories.player,kenwood,Plastic,Road,5,7
auto.accessories.player,mannol,Plastic,Road,8,6
auto.accessories.player,nakamichi,Cardboard,Sea,6,6
auto.accessories.player,pioneer,Cardboard,Road,6,7
auto.accessories.player,swat,Foam,Road,5,7
auto.accessories.radar,inspector,Cardboard,Road,6,6
auto.accessories.radar,neoline,Plastic,Road,8,6
auto.accessories.radar,ritmix,Cardboard,Sea,6,6
auto.accessories.videoregister,airline,Cardboard,Road,6,6
auto.accessories.videoregister,avel,Cardboard,Sea,6,6
auto.accessories.videoregister,axper,Cardboard,Road,8,6
auto.accessories.videoregister,blackvue,Cardboard,Sea,6,8
auto.accessories.videoregister,inspector,Cardboard,Road,7,8
auto.accessories.videoregister,mio,Foam,Sea,7,6
auto.accessories.videoregister,navitel,Plastic,Sea,5,6
auto.accessories.videoregister,neoline,Cardboard,Sea,5,8
auto.accessories.videoregister,playme,Plastic,Road,6,8
auto.accessories.videoregister,prestigio,Foam,Road,6,6
auto.accessories.videoregister,ritmix,Plastic,Sea,7,6
auto.accessories.videoregister,subini,Foam,Road,6,6
auto.accessories.videoregister,xiaomi,Cardboard,Sea,5,7
computers.components.cdrw,gembird,Plastic,Air,4,6
computers.components.cdrw,transcend,Cardboard,Road,5,6
computers.components.cooler,aerocool,Foam,Road,5,7
computers.components.cooler,apple,Foam,Road,6,5
computers.components.cooler,bequiet,Foam,Air,5,5
computers.components.cooler,bykski,Plastic,Air,6,6
computers.components.cooler,cougar,Foam,Road,4,7
computers.components.cooler,deepcool,Cardboard,Air,5,7
computers.components.cooler,different,Cardboard,Road,6,5
computers.components.cooler,gamdias,Foam,Road,6,6
computers.components.cooler,gamemax,Cardboard,Air,6,6
computers.components.cooler,gigabyte,Foam,Road,5,5
computers.components.cooler,hp,Plastic,Air,4,5
computers.components.cooler,id-cooling,Cardboard,Air,4,5
computers.components.cooler,jonsbo,Plastic,Air,6,7
computers.components.cooler,moshi,Foam,Air,4,5
computers.components.cooler,neonode,Cardboard,Road,5,6
computers.components.cooler,noctua,Cardboard,Air,6,7
computers.components.cooler,none,Plastic,Road,4,7
computers.components.cooler,orico,Cardboard,Road,5,5
computers.components.cooler,pccooler,Cardboard,Road,6,6
computers.components.cooler,powerplant,Cardboard,Road,6,6
computers.components.cooler,samsung,Cardboard,Air,4,6
computers.components.cooler,satechi,Plastic,Road,4,7
computers.components.cooler,ship,Cardboard,Road,6,5
computers.components.cooler,thermaltake,Cardboard,Air,6,7
computers.components.cooler,tp-link,Cardboard,Road,4,6
computers.components.cooler,ugreen,Foam,Air,5,7
computers.components.cooler,x-cooler,Cardboard,Air,6,5
computers.components.cooler,xigmatek,Plastic,Air,6,5
computers.components.cooler,yoobao,Plastic,Air,4,7
computers.components.cooler,zalman,Plastic,Air,4,7
computers.components.cpu,amd,Plastic,Road,5,7
computers.components.cpu,bork,Plastic,Road,4,6
computers.components.cpu,bosch,Foam,Air,5,5
computers.components.cpu,camelion,Plastic,Air,4,7
computers.components.cpu,ehra,Plastic,Air,4,6
computers.components.cpu,ergolux,Foam,Road,4,5
computers.components.cpu,intel,Plastic,Road,5,7
computers.components.cpu,kenwood,Plastic,Air,4,7
computers.components.cpu,kitchenaid,Cardboard,Road,6,6
computers.components.cpu,moulinex,Foam,Air,5,7
computers.components.cpu,philips,Foam,Air,5,7
computers.components.cpu,polaroid,Cardboard,Air,5,5
computers.components.cpu,sencor,Plastic,Air,5,7
computers.components.cpu,smeg,Cardboard,Road,4,6
computers.components.cpu,toshiba,Foam,Road,5,5
computers.components.cpu,wmf,Cardboard,Road,6,7
computers.components.hdd,anymode,Cardboard,Road,5,5
computers.components.hdd,apple,Foam,Road,6,6
computers.components.hdd,colorful,Cardboard,Air,6,7
computers.components.hdd,crucial,Plastic,Road,5,6
computers.components.hdd,geil,Cardboard,Air,4,5
computers.components.hdd,gigabyte,Plastic,Road,5,5
computers.components.hdd,intel,Cardboard,Road,4,6
computers.components.hdd,kingston,Foam,Road,5,7
computers.components.hdd,moshi,Plastic,Road,4,7
computers.components.hdd,none,Cardboard,Air,6,6
computers.components.hdd,orico,Foam,Road,4,6
computers.components.hdd,patriot,Foam,Road,6,6
computers.components.hdd,plextor,Cardboard,Air,4,5
computers.components.hdd,pocketbook,Cardboard,Road,4,6
computers.components.hdd,portcase,Cardboard,Air,5,7
computers.components.hdd,rivacase,Cardboard,Road,5,5
computers.components.hdd,samsung,Plastic,Air,6,6
computers.components.hdd,sandisk,Cardboard,Road,5,6
computers.components.hdd,seagate,Plastic,Road,4,5
computers.components.hdd,sumdex,Plastic,Road,6,7
computers.components.hdd,toshiba,Cardboard,Road,6,6
computers.components.hdd,transcend,Plastic,Air,6,7
computers.components.hdd,tucano,Plastic,Air,6,6
computers.components.memory,crucial,Cardboard,Road,6,5
computers.components.memory,g.skill,Cardboard,Road,5,6
computers.components.memory,geil,Cardboard,Air,6,6
computers.components.memory,kingston,Plastic,Air,4,5
computers.components.memory,patriot,Plastic,Road,4,5
computers.components.memory,smart,Foam,Air,4,6
computers.components.memory,transcend,Plastic,Air,6,7
computers.components.memory,zeppelin,Plastic,Air,6,5
computers.components.motherboard,asrock,Foam,Air,4,6
computers.components.motherboard,asus,Foam,Air,6,6
computers.components.motherboard,biostar,Foam,Road,5,6
computers.components.motherboard,colorful,Plastic,Road,4,6
computers.components.motherboard,gigabyte,Cardboard,Road,5,5
computers.components.motherboard,msi,Cardboard,Road,6,6
computers.components.motherboard,none,Foam,Road,5,5
computers.components.power_supply,aerocool,Foam,Air,5,7
computers.components.power_supply,asus,Plastic,Air,6,7
computers.components.power_supply,bequiet,Foam,Road,6,7
computers.components.power_supply,corsair,Foam,Road,6,5
computers.components.power_supply,cougar,Cardboard,Road,6,5
computers.components.power_supply,deepcool,Foam,Road,6,5
computers.components.power_supply,delux,Plastic,Air,4,7
computers.components.power_supply,fsp,Cardboard,Air,5,7
computers.components.power_supply,gamdias,Foam,Road,4,6
computers.components.power_supply,gamemax,Foam,Road,5,7
computers.components.power_supply,gigabyte,Cardboard,Road,5,5
computers.components.power_supply,huntkey,Cardboard,Road,5,7
computers.components.power_supply,none,Cardboard,Air,6,5
computers.components.power_supply,roevuta,Foam,Road,4,7
computers.components.power_supply,roeyuta,Cardboard,Air,5,5
computers.components.power_supply,seasonic,Plastic,Road,6,5
computers.components.power_supply,thermaltake,Cardboard,Road,6,7
computers.components.power_supply,x-game,Plastic,Air,4,6
computers.components.power_supply,zalman,Plastic,Air,5,5
computers.components.sound_card,asus,Plastic,Air,5,5
computers.components.sound_card,hyperx,Plastic,Road,4,6
computers.components.sound_card,orico,Foam,Road,6,6
computers.components.videocards,akitio,Foam,Air,6,6
computers.components.videocards,asus,Cardboard,Air,4,6
computers.components.videocards,colorful,Cardboard,Air,4,7
computers.components.videocards,gigabyte,Cardboard,Road,5,7
computers.components.videocards,msi,Plastic,Air,5,7
computers.components.videocards,nvidia,Foam,Road,4,7
computers.components.videocards,palit,Cardboard,Road,6,7
computers.components.videocards,sonnet,Cardboard,Air,5,6
computers.desktop,apple,Cardboard,Road,5,6
computers.desktop,dabur,Plastic,Air,5,7
computers.desktop,dell,Foam,Air,5,5
computers.desktop,gamemax,Cardboard,Road,6,7
computers.desktop,garmin,Cardboard,Road,5,6
computers.desktop,hp,Plastic,Road,6,6
computers.desktop,jetpik,Plastic,Air,4,6
computers.desktop,lion,Plastic,Road,4,6
computers.desktop,nissan,Cardboard,Air,4,7
computers.desktop,none,Plastic,Road,6,7
computers.desktop,oral-b,Plastic,Air,6,6
computers.desktop,panasonic,Cardboard,Air,4,6
computers.desktop,philips,Cardboard,Road,6,5
computers.desktop,president,Plastic,Air,5,5
computers.desktop,sencor,Plastic,Air,5,6
computers.ebooks,amazon,Plastic,Road,4,7
computers.ebooks,pocketbook,Plastic,Road,5,5
computers.ebooks,rocketbook,Foam,Air,4,6
computers.gaming,hyperx,Plastic,Road,4,7
computers.gaming,logitech,Cardboard,Road,4,5
computers.gaming,plantronics,Cardboard,Road,4,6
computers.gaming,sony,Cardboard,Air,5,5
computers.network.router,altel,Plastic,Air,5,7
computers.network.router,asus,Plastic,Road,5,6
computers.network.router,beeline,Foam,Air,4,7
computers.network.router,d-link,Cardboard,Air,6,6
computers.network.router,huawei,Plastic,Air,6,7
computers.network.router,mercusys,Foam,Air,5,5
computers.network.router,nommi,Foam,Air,5,7
computers.network.router,none,Cardboard,Road,6,5
computers.network.router,tp-link,Foam,Air,4,7
computers.network.router,ubiquiti,Cardboard,Air,4,5
computers.network.router,xiaomi,Plastic,Air,5,5
computers.notebook,alienware,Cardboard,Road,6,6
computers.notebook,apc,Cardboard,Road,6,7
computers.notebook,apple,Foam,Air,6,6
computers.notebook,asus,Foam,Road,5,7
computers.notebook,ava,Cardboard,Air,5,6
computers.notebook,canyon,Foam,Air,4,5
computers.notebook,china,Plastic,Air,4,5
computers.notebook,cyberpower,Plastic,Road,5,5
computers.notebook,deepcool,Cardboard,Air,4,5
computers.notebook,dell,Foam,Road,6,7
computers.notebook,deluxe,Cardboard,Air,6,6
computers.notebook,edifier,Cardboard,Air,4,7
computers.notebook,energea,Plastic,Road,5,5
computers.notebook,er,Plastic,Road,4,5
computers.notebook,eset,Cardboard,Road,5,6
computers.notebook,genius,Foam,Road,5,7
computers.notebook,google,Cardboard,Air,6,7
computers.notebook,hp,Plastic,Air,6,7
computers.notebook,huawei,Plastic,Road,4,7
computers.notebook,huntkey,Foam,Air,6,5
computers.notebook,ipower,Plastic,Air,4,6
computers.notebook,irbis,Plastic,Road,6,5
computers.notebook,kaspersky,Plastic,Air,4,6
computers.notebook,legrand,Cardboard,Air,6,5
computers.notebook,lenovo,Plastic,Air,5,5
computers.notebook,logitech,Cardboard,Air,5,5
computers.notebook,microlab,Cardboard,Road,5,5
computers.notebook,microsoft,Cardboard,Air,6,6
computers.notebook,moshi,Cardboard,Road,6,5
computers.notebook,msi,Plastic,Road,6,6
computers.notebook,mujjo,Foam,Road,6,5
computers.notebook,none,Cardboard,Air,4,5
computers.notebook,orico,Plastic,Road,6,7
computers.notebook,powerplant,Cardboard,Air,6,7
computers.notebook,prestigio,Foam,Road,5,7
computers.notebook,razer,Foam,Air,6,7
computers.notebook,samsung,Cardboard,Road,4,5
computers.notebook,satechi,Foam,Air,5,5
computers.notebook,svc,Foam,Road,5,7
computers.notebook,thule,Plastic,Air,5,5
computers.notebook,trust,Cardboard,Air,4,6
computers.notebook,tucano,Foam,Road,6,7
computers.notebook,vipe,Foam,Air,4,7
computers.notebook,xiaomi,Cardboard,Air,5,6
computers.peripherals.camera,defender,Cardboard,Road,6,5
computers.peripherals.camera,genius,Cardboard,Air,5,5
computers.peripherals.camera,hukuba,Cardboard,Road,4,6
computers.peripherals.camera,lion,Plastic,Air,4,7
computers.peripherals.camera,logitech,Plastic,Air,4,7
computers.peripherals.camera,president,Foam,Air,6,7
computers.peripherals.camera,rapoo,Cardboard,Road,4,6
computers.peripherals.camera,razer,Plastic,Road,5,6
computers.peripherals.joystick,logitech,Foam,Road,5,5
computers.peripherals.joystick,nintendo,Cardboard,Road,6,5
computers.peripherals.joystick,none,Foam,Air,6,6
computers.peripherals.joystick,razer,Foam,Road,5,5
computers.peripherals.joystick,sony,Foam,Road,5,5
computers.peripherals.joystick,trust,Cardboard,Air,6,5
computers.peripherals.joystick,vortex,Plastic,Road,4,6
computers.peripherals.joystick,x-game,Cardboard,Air,6,6
computers.peripherals.joystick,xbox,Cardboard,Road,6,7
computers.peripherals.keyboard,apple,Foam,Air,5,7
computers.peripherals.keyboard,asus,Cardboard,Air,5,5
computers.peripherals.keyboard,bloody,Cardboard,Air,5,6
computers.peripherals.keyboard,canyon,Cardboard,Road,6,5
computers.peripherals.keyboard,casada,Cardboard,Air,6,7
computers.peripherals.keyboard,dell,Cardboard,Air,6,6
computers.peripherals.keyboard,delux,Foam,Air,4,5
computers.peripherals.keyboard,genius,Foam,Air,6,7
computers.peripherals.keyboard,hyperx,Cardboard,Air,5,5
computers.peripherals.keyboard,lenovo,Plastic,Road,6,6
computers.peripherals.keyboard,logitech,Cardboard,Road,4,5
computers.peripherals.keyboard,microsoft,Cardboard,Road,6,7
computers.peripherals.keyboard,msi,Plastic,Air,4,6
computers.peripherals.keyboard,none,Plastic,Road,5,6
computers.peripherals.keyboard,prestigio,Cardboard,Road,4,7
computers.peripherals.keyboard,rapoo,Plastic,Road,4,6
computers.peripherals.keyboard,razer,Plastic,Air,6,5
computers.peripherals.keyboard,satechi,Foam,Road,4,6
computers.peripherals.keyboard,steelseries,Plastic,Road,4,5
computers.peripherals.keyboard,thermaltake,Cardboard,Air,6,5
computers.peripherals.keyboard,trust,Foam,Road,5,5
computers.peripherals.keyboard,x-game,Foam,Road,4,7
computers.peripherals.keyboard,zowie,Plastic,Road,5,7
computers.peripherals.monitor,alienware,Cardboard,Road,5,7
computers.peripherals.monitor,aoc,Plastic,Air,4,6
computers.peripherals.monitor,asus,Plastic,Road,6,6
computers.peripherals.monitor,benq,Cardboard,Air,4,6
computers.peripherals.monitor,dell,Foam,Air,5,7
computers.peripherals.monitor,gamemax,Plastic,Air,6,5
computers.peripherals.monitor,gigabyte,Plastic,Road,5,5
computers.peripherals.monitor,hp,Cardboard,Road,5,5
computers.peripherals.monitor,huntkey,Foam,Air,6,7
computers.peripherals.monitor,iiyama,Foam,Air,6,7
computers.peripherals.monitor,lenovo,Plastic,Road,4,7
computers.peripherals.monitor,lg,Plastic,Air,5,5
computers.peripherals.monitor,msi,Foam,Road,4,5
computers.peripherals.monitor,philips,Foam,Air,5,6
computers.peripherals.monitor,qmax,Foam,Road,4,5
computers.peripherals.monitor,samsung,Cardboard,Road,5,5
computers.peripherals.monitor,sanc,Plastic,Air,4,5
computers.peripherals.monitor,x-game,Cardboard,Air,5,7
computers.peripherals.monitor,xiaomi,Foam,Road,4,5
computers.peripherals.mouse,apple,Foam,Air,5,5
computers.peripherals.mouse,asus,Foam,Air,6,7
computers.peripherals.mouse,biolane,Cardboard,Road,5,6
computers.peripherals.mouse,bloody,Foam,Road,6,6
computers.peripherals.mouse,canyon,Foam,Air,4,5
computers.peripherals.mouse,corsair,Cardboard,Road,4,7
computers.peripherals.mouse,cougar,Plastic,Air,6,5
computers.peripherals.mouse,dell,Cardboard,Air,6,7
computers.peripherals.mouse,delux,Cardboard,Road,4,5
computers.peripherals.mouse,deluxe,Cardboard,Road,4,6
computers.peripherals.mouse,genius,Plastic,Road,5,6
computers.peripherals.mouse,hp,Foam,Air,4,7
computers.peripherals.mouse,hyperx,Foam,Air,4,6
computers.peripherals.mouse,lenovo,Foam,Air,6,5
computers.peripherals.mouse,logitech,Foam,Air,6,5
computers.peripherals.mouse,microsoft,Foam,Air,5,7
computers.peripherals.mouse,msi,Cardboard,Road,6,6
computers.peripherals.mouse,none,Cardboard,Road,5,7
computers.peripherals.mouse,patriot,Plastic,Road,4,7
computers.peripherals.mouse,rapoo,Foam,Air,6,6
computers.peripherals.mouse,razer,Plastic,Road,5,5
computers.peripherals.mouse,satechi,Foam,Air,5,6
computers.peripherals.mouse,steelseries,Foam,Road,6,5
computers.peripherals.mouse,thermaltake,Foam,Road,5,6
computers.peripherals.mouse,trust,Cardboard,Air,5,6
computers.peripherals.mouse,vitabiotics,Cardboard,Road,4,6
computers.peripherals.mouse,x-game,Foam,Air,4,6
computers.peripherals.mouse,zowie,Foam,Road,6,6
computers.peripherals.printer,brother,Cardboard,Road,4,6
computers.peripherals.printer,canon,Plastic,Road,5,7
computers.peripherals.printer,epson,Foam,Road,5,6
computers.peripherals.printer,hp,Plastic,Air,4,5
computers.peripherals.printer,janome,Cardboard,Road,5,7
computers.peripherals.printer,kyocera,Cardboard,Road,6,5
computers.peripherals.printer,none,Plastic,Air,5,7
computers.peripherals.printer,samsung,Foam,Air,4,5
computers.peripherals.printer,xerox,Foam,Road,6,5
computers.peripherals.scanner,canon,Foam,Road,5,5
computers.peripherals.scanner,epson,Cardboard,Air,5,6
computers.peripherals.scanner,hp,Foam,Air,4,5
construction.components.faucet,decoroom,Cardboard,Road,8,7
construction.components.faucet,ecologystone,Cardboard,Sea,10,9
construction.components.faucet,franke,Cardboard,Sea,15,7
construction.components.faucet,grohe,Plastic,Road,15,8
construction.components.faucet,lemark,Wooden Crate,Road,12,9
construction.components.faucet,neptun,Cardboard,Sea,15,8
construction.tools.drill,bosch,Cardboard,Road,12,9
construction.tools.drill,dewalt,Plastic,Road,10,9
construction.tools.drill,makita,Wooden Crate,Sea,15,7
construction.tools.drill,metabo,Cardboard,Road,8,8
construction.tools.drill,vikhrjh,Wooden Crate,Sea,12,9
construction.tools.drill,wurth,Wooden Crate,Road,8,8
construction.tools.generator,eurolux,Plastic,Sea,15,7
construction.tools.generator,huter,Wooden Crate,Road,15,8
construction.tools.generator,none,Cardboard,Sea,8,9
construction.tools.heater,ariston,Cardboard,Sea,12,9
construction.tools.heater,hintek,Cardboard,Road,15,9
construction.tools.heater,kiturami,Cardboard,Road,12,9
construction.tools.heater,lotte,Plastic,Sea,8,8
construction.tools.heater,navien,Cardboard,Sea,12,8
construction.tools.heater,resanta,Wooden Crate,Road,12,7
construction.tools.heater,rinnai,Plastic,Sea,8,7
construction.tools.light,eglo,Wooden Crate,Sea,8,9
construction.tools.light,sbs,Wooden Crate,Road,12,8
construction.tools.pump,grundfos,Plastic,Sea,12,8
construction.tools.pump,huter,Plastic,Sea,12,7
construction.tools.pump,karcher,Wooden Crate,Sea,12,9
construction.tools.pump,topeak,Cardboard,Sea,15,7
construction.tools.pump,vikhrjh,Plastic,Sea,10,7
construction.tools.saw,bosch,Wooden Crate,Sea,8,9
construction.tools.saw,eurolux,Wooden Crate,Sea,12,7
construction.tools.saw,harper,Wooden Crate,Road,12,9
construction.tools.saw,huter,Wooden Crate,Sea,12,8
construction.tools.saw,makita,Wooden Crate,Road,12,8
construction.tools.saw,metabo,Wooden Crate,Sea,15,9
construction.tools.saw,stihl,Wooden Crate,Sea,15,9
construction.tools.saw,vikhrjh,Wooden Crate,Road,12,9
construction.tools.screw,apple,Plastic,Sea,12,9
construction.tools.screw,ava,Wooden Crate,Sea,10,8
construction.tools.screw,energea,Wooden Crate,Sea,12,7
construction.tools.screw,gtec,Plastic,Sea,12,9
construction.tools.screw,huawei,Cardboard,Sea,8,7
construction.tools.screw,hyperx,Cardboard,Road,15,8
construction.tools.screw,inkax,Wooden Crate,Sea,12,9
construction.tools.screw,moshi,Cardboard,Road,12,8
construction.tools.screw,neo,Plastic,Sea,8,9
construction.tools.screw,none,Wooden Crate,Sea,8,8
construction.tools.screw,orico,Plastic,Road,15,9
construction.tools.screw,prestigio,Plastic,Sea,8,9
construction.tools.screw,samsung,Wooden Crate,Sea,12,8
construction.tools.screw,satechi,Plastic,Sea,10,8
construction.tools.screw,sbs,Wooden Crate,Sea,15,7
construction.tools.screw,svc,Plastic,Road,12,7
construction.tools.screw,usams,Plastic,Road,15,7
construction.tools.welding,eurolux,Plastic,Road,10,8
construction.tools.welding,huter,Cardboard,Sea,12,9
construction.tools.welding,resanta,Plastic,Road,12,9
construction.tools.welding,tece,Plastic,Road,12,9
country_yard.cultivator,alex,Cardboard,Road,5,4
country_yard.cultivator,casada,Wooden Crate,Sea,5,6
country_yard.cultivator,huter,Plastic,Road,4,6
country_yard.lawn_mower,bosch,Cardboard,Road,5,4
country_yard.lawn_mower,eurolux,Wooden Crate,Sea,4,4
country_yard.lawn_mower,huter,Plastic,Sea,5,5
country_yard.lawn_mower,makita,Plastic,Road,4,4
country_yard.watering,karcher,Cardboard,Road,5,6
country_yard.weather_station,beurer,Wooden Crate,Road,3,5
electronics.audio.acoustic,bardahl,Plastic,Air,4,6
electronics.audio.acoustic,jbl,Plastic,Air,4,4
electronics.audio.acoustic,kicx,Plastic,Road,4,5
electronics.audio.acoustic,lg,Foam,Air,3,4
electronics.audio.acoustic,loewe,Plastic,Air,4,6
electronics.audio.acoustic,panasonic,Cardboard,Road,3,6
electronics.audio.acoustic,samsung,Foam,Air,5,4
electronics.audio.acoustic,sony,Plastic,Air,4,5
electronics.audio.dictaphone,sony,Foam,Air,3,4
electronics.audio.dictaphone,staedtler,Cardboard,Road,4,6
electronics.audio.headphone,apple,Plastic,Road,4,6
electronics.audio.headphone,asus,Cardboard,Road,4,4
electronics.audio.headphone,awei,Foam,Road,3,4
electronics.audio.headphone,beats,Foam,Road,3,6
electronics.audio.headphone,blackstar,Cardboard,Road,5,6
electronics.audio.headphone,bloody,Foam,Air,5,6
electronics.audio.headphone,bose,Cardboard,Road,5,6
electronics.audio.headphone,canyon,Cardboard,Air,5,5
electronics.audio.headphone,casio,Plastic,Air,5,6
electronics.audio.headphone,cayin,Foam,Road,3,4
electronics.audio.headphone,celebrat,Plastic,Air,3,5
electronics.audio.headphone,corsair,Plastic,Road,4,4
electronics.audio.headphone,delux,Cardboard,Road,3,5
electronics.audio.headphone,edifier,Foam,Road,3,4
electronics.audio.headphone,elari,Plastic,Road,4,5
electronics.audio.headphone,fiio,Cardboard,Air,5,5
electronics.audio.headphone,genius,Cardboard,Air,5,5
electronics.audio.headphone,global,Cardboard,Road,5,5
electronics.audio.headphone,honor,Foam,Road,5,4
electronics.audio.headphone,hp,Cardboard,Road,5,6
electronics.audio.headphone,huawei,Plastic,Air,3,5
electronics.audio.headphone,hyperx,Plastic,Air,4,5
electronics.audio.headphone,jabra,Cardboard,Road,5,6
electronics.audio.headphone,jbl,Foam,Air,4,4
electronics.audio.headphone,logitech,Cardboard,Road,3,6
electronics.audio.headphone,luch,Plastic,Road,3,6
electronics.audio.headphone,marley,Cardboard,Air,3,6
electronics.audio.headphone,marshall,Plastic,Air,5,4
electronics.audio.headphone,microlab,Cardboard,Air,3,4
electronics.audio.headphone,moshi,Plastic,Air,3,4
electronics.audio.headphone,neo,Plastic,Air,5,4
electronics.audio.headphone,none,Foam,Air,5,6
electronics.audio.headphone,onanoff,Foam,Air,4,5
electronics.audio.headphone,oppo,Foam,Road,3,5
electronics.audio.headphone,panasonic,Cardboard,Air,5,6
electronics.audio.headphone,patriot,Cardboard,Road,4,5
electronics.audio.headphone,philips,Foam,Air,3,4
electronics.audio.headphone,plantronics,Plastic,Road,3,5
electronics.audio.headphone,razer,Cardboard,Air,3,4
electronics.audio.headphone,ritmix,Foam,Air,3,4
electronics.audio.headphone,samsung,Plastic,Road,3,6
electronics.audio.headphone,sbs,Plastic,Air,3,6
electronics.audio.headphone,sennheiser,Plastic,Road,3,4
electronics.audio.headphone,skullcandy,Foam,Air,4,4
electronics.audio.headphone,sony,Foam,Road,4,5
electronics.audio.headphone,steelseries,Foam,Road,4,6
electronics.audio.headphone,trust,Foam,Air,5,5
electronics.audio.headphone,urbanears,Foam,Road,3,5
electronics.audio.headphone,x-game,Plastic,Road,5,6
electronics.audio.headphone,xiaomi,Foam,Air,4,5
electronics.audio.microphone,artberry,Cardboard,Air,4,6
electronics.audio.microphone,atom,Plastic,Air,4,6
electronics.audio.microphone,audac,Cardboard,Air,5,5
electronics.audio.microphone,avermedia,Plastic,Road,3,4
electronics.audio.microphone,fujifilm,Cardboard,Air,4,5
electronics.audio.microphone,hyperx,Plastic,Road,3,4
electronics.audio.microphone,luch,Plastic,Air,3,6
electronics.audio.microphone,nikon,Plastic,Road,4,5
electronics.audio.microphone,razer,Plastic,Air,4,4
electronics.audio.microphone,saramonic,Plastic,Road,3,5
electronics.audio.microphone,sony,Plastic,Air,3,4
electronics.audio.microphone,trust,Cardboard,Air,4,5
electronics.audio.subwoofer,bose,Cardboard,Air,5,5
electronics.audio.subwoofer,kicx,Foam,Air,5,6
electronics.audio.subwoofer,milan,Foam,Air,4,6
electronics.audio.subwoofer,phantom,Plastic,Air,4,6
electronics.audio.subwoofer,sony,Foam,Air,5,5
electronics.audio.subwoofer,stabilo,Foam,Air,5,6
electronics.audio.subwoofer,staedtler,Plastic,Road,4,4
electronics.calculator,art.fit,Foam,Road,5,6
electronics.calculator,bradex,Plastic,Air,4,6
electronics.calculator,canon,Cardboard,Air,5,5
electronics.calculator,technogym,Cardboard,Road,5,5
electronics.calculator,yiling,Plastic,Road,3,7
electronics.camera.photo,canon,Plastic,Road,5,6
electronics.camera.photo,cubicfun,Cardboard,Road,3,7
electronics.camera.photo,fujifilm,Plastic,Air,3,5
electronics.camera.photo,hoya,Plastic,Air,5,6
electronics.camera.photo,kenko,Plastic,Air,5,5
electronics.camera.photo,nikon,Cardboard,Road,5,5
electronics.camera.photo,olympus,Cardboard,Road,3,6
electronics.camera.photo,panasonic,Plastic,Road,5,6
electronics.camera.photo,sigma,Cardboard,Air,3,5
electronics.camera.photo,sony,Plastic,Road,3,7
electronics.camera.photo,tamron,Foam,Road,3,7
electronics.camera.photo,zenit,Plastic,Road,5,7
electronics.camera.video,canon,Foam,Road,5,5
electronics.camera.video,casio,Cardboard,Road,3,7
electronics.camera.video,gewa,Cardboard,Air,5,5
electronics.camera.video,korg,Foam,Air,3,6
electronics.camera.video,kurzweil,Foam,Road,3,5
electronics.camera.video,panasonic,Cardboard,Road,3,5
electronics.camera.video,sony,Foam,Air,3,5
electronics.clocks,agu,Foam,Air,4,6
electronics.clocks,aimoto,Plastic,Road,4,5
electronics.clocks,apple,Cardboard,Road,5,7
electronics.clocks,casio,Plastic,Road,4,6
electronics.clocks,elari,Foam,Road,4,5
electronics.clocks,fossil,Foam,Air,5,7
electronics.clocks,garmin,Foam,Air,4,7
electronics.clocks,honor,Plastic,Road,5,5
electronics.clocks,huawei,Foam,Road,3,7
electronics.clocks,lg,Plastic,Air,5,7
electronics.clocks,momentum,Plastic,Air,4,7
electronics.clocks,oppo,Cardboard,Road,3,7
electronics.clocks,samsung,Cardboard,Road,4,6
electronics.clocks,sony,Foam,Air,5,6
electronics.clocks,suunto,Cardboard,Air,3,6
electronics.clocks,wonlex,Plastic,Road,3,6
electronics.clocks,xiaomi,Cardboard,Air,3,5
electronics.smartphone,adguard,Cardboard,Air,3,5
electronics.smartphone,apple,Cardboard,Road,2,3
electronics.smartphone,awax,Plastic,Road,3,5
electronics.smartphone,dji,Cardboard,Air,2,4
electronics.smartphone,eset,Cardboard,Air,2,4
electronics.smartphone,fly,Foam,Road,3,6
electronics.smartphone,honor,Cardboard,Road,2,6
electronics.smartphone,huawei,Foam,Air,2,4
electronics.smartphone,kaspersky,Foam,Air,4,6
electronics.smartphone,lg,Plastic,Road,3,6
electronics.smartphone,meizu,Plastic,Road,2,4
electronics.smartphone,microsoft,Cardboard,Air,3,6
electronics.smartphone,nokia,Cardboard,Air,2,5
electronics.smartphone,oppo,Cardboard,Road,2,6
electronics.smartphone,pgytech,Cardboard,Air,2,6
electronics.smartphone,samsung,Cardboard,Road,4,4
electronics.smartphone,sony,Cardboard,Air,3,6
electronics.smartphone,vivo,Foam,Air,4,5
electronics.smartphone,wikium,Foam,Air,2,4
electronics.smartphone,xiaomi,Plastic,Air,2,5
electronics.tablet,apple,Plastic,Road,3,5
electronics.tablet,huawei,Plastic,Air,5,6
electronics.tablet,huion,Plastic,Road,5,5
electronics.tablet,lenovo,Foam,Air,3,7
electronics.tablet,nomi,Plastic,Air,4,6
electronics.tablet,none,Foam,Air,3,5
electronics.tablet,philips,Foam,Air,5,6
electronics.tablet,prestigio,Plastic,Air,3,5
electronics.tablet,samsung,Foam,Road,4,5
electronics.tablet,texet,Cardboard,Air,3,7
electronics.tablet,wacom,Cardboard,Road,4,5
electronics.tablet,xiaomi,Plastic,Air,5,7
electronics.tablet,xp-pen,Plastic,Air,3,5
electronics.telephone,altex,Plastic,Road,3,6
electronics.telephone,dji,Plastic,Road,4,5
electronics.telephone,fly,Foam,Air,5,5
electronics.telephone,inoi,Plastic,Road,3,7
electronics.telephone,mart,Plastic,Air,5,6
electronics.telephone,nokia,Foam,Road,3,5
electronics.telephone,none,Cardboard,Air,5,6
electronics.telephone,panasonic,Plastic,Road,3,7
electronics.telephone,pgytech,Foam,Air,4,5
electronics.telephone,ruggear,Foam,Air,3,6
electronics.telephone,sony,Cardboard,Air,3,5
electronics.video.projector,byintek,Cardboard,Road,3,6
electronics.video.projector,canon,Foam,Road,5,7
electronics.video.projector,cinemood,Plastic,Road,4,6
electronics.video.projector,deluxe,Cardboard,Road,5,5
electronics.video.projector,epson,Plastic,Road,3,6
electronics.video.projector,logitech,Plastic,Air,4,7
electronics.video.projector,moshi,Cardboard,Air,4,6
electronics.video.projector,none,Cardboard,Air,4,7
electronics.video.projector,optoma,Cardboard,Road,4,6
electronics.video.projector,procab,Cardboard,Road,4,6
electronics.video.projector,proscreen,Foam,Air,5,6
electronics.video.projector,sony,Plastic,Air,4,5
electronics.video.projector,xgimi,Cardboard,Road,4,5
electronics.video.projector,xiaomi,Foam,Road,3,6
electronics.video.tv,aoc,Cardboard,Road,6,7
electronics.video.tv,ava,Cardboard,Air,10,5
electronics.video.tv,canon,Cardboard,Road,7,5
electronics.video.tv,continent,Foam,Road,10,5
electronics.video.tv,cullmann,Plastic,Road,10,5
electronics.video.tv,daewoo,Plastic,Road,7,5
electronics.video.tv,fujifilm,Foam,Road,10,6
electronics.video.tv,giottos,Foam,Air,8,6
electronics.video.tv,gopro,Plastic,Air,8,7
electronics.video.tv,ivi,Foam,Air,9,7
electronics.video.tv,joby,Cardboard,Air,9,5
electronics.video.tv,kivi,Cardboard,Road,8,5
electronics.video.tv,kumano,Plastic,Air,5,6
electronics.video.tv,lg,Foam,Road,6,5
electronics.video.tv,loewe,Foam,Air,5,7
electronics.video.tv,manfrotto,Plastic,Road,6,6
electronics.video.tv,megogo,Plastic,Air,5,7
electronics.video.tv,nikon,Cardboard,Road,7,6
electronics.video.tv,okko,Plastic,Road,6,5
electronics.video.tv,panasonic,Cardboard,Air,9,7
electronics.video.tv,samsung,Plastic,Air,6,6
electronics.video.tv,skyworth,Cardboard,Road,5,6
electronics.video.tv,sony,Plastic,Road,9,5
electronics.video.tv,tcl,Cardboard,Road,8,7
electronics.video.tv,xiaomi,Plastic,Air,8,6
furniture.bathroom.bath,avrora,Plastic Wrap,Sea,20,7
furniture.bathroom.bath,belita,Cardboard,Sea,18,8
furniture.bathroom.bath,biomio,Cardboard,Road,20,9
furniture.bathroom.bath,bosch,Cardboard,Sea,18,7
furniture.bathroom.bath,compliment,Plastic Wrap,Road,10,6
furniture.bathroom.bath,depileve,Plastic Wrap,Sea,20,7
furniture.bathroom.bath,gorenje,Cardboard,Sea,20,7
furniture.bathroom.bath,hansa,Wooden Crate,Sea,10,7
furniture.bathroom.bath,hotpoint-ariston,Cardboard,Road,18,8
furniture.bathroom.bath,kerasys,Plastic Wrap,Road,15,8
furniture.bathroom.bath,medisana,Plastic Wrap,Road,20,6
furniture.bathroom.bath,milight,Wooden Crate,Road,10,6
furniture.bathroom.bath,none,Cardboard,Road,10,7
furniture.bathroom.bath,polaris,Plastic Wrap,Sea,10,6
furniture.bathroom.bath,scarlett,Wooden Crate,Sea,18,9
furniture.bathroom.bath,sencor,Cardboard,Road,20,8
furniture.bathroom.bath,shenzhen,Wooden Crate,Road,15,7
furniture.bathroom.bath,simfer,Cardboard,Road,12,6
furniture.bathroom.bath,vitehks,Wooden Crate,Road,20,7
furniture.bathroom.bath,vitek,Cardboard,Road,12,8
furniture.bathroom.bath,xiaomi,Plastic Wrap,Sea,20,6
furniture.bathroom.toilet,ezviz,Cardboard,Sea,18,9
furniture.bathroom.toilet,grohe,Plastic Wrap,Road,10,9
furniture.bathroom.toilet,jandeks,Wooden Crate,Road,15,6
furniture.bathroom.toilet,netatmo,Wooden Crate,Road,18,6
furniture.bathroom.toilet,xiaomi,Plastic Wrap,Road,20,8
furniture.bedroom.bed,akku,Wooden Crate,Road,10,7
furniture.bedroom.bed,chicco,Cardboard,Road,10,6
furniture.bedroom.bed,cilek,Wooden Crate,Sea,18,6
furniture.bedroom.bed,domini,Wooden Crate,Sea,10,8
furniture.bedroom.bed,feja,Wooden Crate,Road,15,6
furniture.bedroom.bed,fissman,Cardboard,Road,12,6
furniture.bedroom.bed,glassware,Cardboard,Sea,15,6
furniture.bedroom.bed,marcato,Plastic Wrap,Sea,12,7
furniture.bedroom.bed,muljhtidom,Cardboard,Sea,20,8
furniture.bedroom.bed,none,Wooden Crate,Sea,12,6
furniture.bedroom.bed,wilmax,Cardboard,Road,20,6
furniture.bedroom.blanket,curver,Plastic Wrap,Sea,15,6
furniture.bedroom.blanket,different,Wooden Crate,Sea,10,6
furniture.bedroom.blanket,polimerbiht,Wooden Crate,Sea,18,8
furniture.bedroom.pillow,cars,Plastic Wrap,Sea,10,6
furniture.bedroom.pillow,chicco,Wooden Crate,Sea,12,6
furniture.bedroom.pillow,dogland,Wooden Crate,Road,10,6
furniture.bedroom.pillow,mattel,Wooden Crate,Sea,20,7
furniture.bedroom.pillow,paclan,Plastic Wrap,Road,12,7
furniture.bedroom.pillow,rastar,Plastic Wrap,Sea,18,9
furniture.bedroom.pillow,unicum,Wooden Crate,Road,20,7
furniture.bedroom.pillow,x-game,Wooden Crate,Road,18,6
furniture.kitchen.chair,ava,Plastic Wrap,Sea,15,7
furniture.kitchen.chair,berghoff,Plastic Wrap,Sea,10,7
furniture.kitchen.chair,biol,Cardboard,Road,18,9
furniture.kitchen.chair,chicco,Plastic Wrap,Sea,10,7
furniture.kitchen.chair,demidovskiy,Cardboard,Sea,12,9
furniture.kitchen.chair,domini,Wooden Crate,Sea,15,7
furniture.kitchen.chair,fissman,Cardboard,Sea,12,7
furniture.kitchen.chair,gerat,Wooden Crate,Sea,18,6
furniture.kitchen.chair,grans,Cardboard,Road,15,7
furniture.kitchen.chair,ivolia,Plastic Wrap,Sea,20,8
furniture.kitchen.chair,kmk,Wooden Crate,Sea,12,9
furniture.kitchen.chair,maestro,Plastic Wrap,Road,18,9
furniture.kitchen.chair,none,Wooden Crate,Road,15,7
furniture.kitchen.chair,peterhof,Wooden Crate,Road,10,7
furniture.kitchen.chair,polaris,Wooden Crate,Road,18,9
furniture.kitchen.chair,pyrex,Cardboard,Sea,15,7
furniture.kitchen.chair,resto,Cardboard,Sea,20,8
furniture.kitchen.chair,rondell,Cardboard,Road,18,7
furniture.kitchen.chair,simax,Wooden Crate,Road,10,8
furniture.kitchen.chair,staub,Plastic Wrap,Sea,15,6
furniture.kitchen.chair,tefal,Plastic Wrap,Sea,15,6
furniture.kitchen.chair,tvs,Cardboard,Road,12,6
furniture.kitchen.chair,victoria,Wooden Crate,Road,20,6
furniture.kitchen.chair,zwilling,Cardboard,Road,12,8
furniture.kitchen.table,ava,Cardboard,Road,18,9
furniture.kitchen.table,berghoff,Plastic Wrap,Road,20,9
furniture.kitchen.table,blehk,Plastic Wrap,Road,18,9
furniture.kitchen.table,coolinar,Wooden Crate,Sea,18,6
furniture.kitchen.table,domini,Wooden Crate,Road,12,7
furniture.kitchen.table,dxracer,Cardboard,Sea,10,9
furniture.kitchen.table,e-blue,Wooden Crate,Sea,20,6
furniture.kitchen.table,eglo,Plastic Wrap,Sea,20,6
furniture.kitchen.table,electrolux,Cardboard,Sea,12,6
furniture.kitchen.table,fissman,Plastic Wrap,Sea,10,9
furniture.kitchen.table,gamdias,Plastic Wrap,Road,18,8
furniture.kitchen.table,granchio,Cardboard,Road,10,9
furniture.kitchen.table,grans,Cardboard,Road,12,9
furniture.kitchen.table,inhouse,Cardboard,Road,18,7
furniture.kitchen.table,jetpik,Plastic Wrap,Road,20,7
furniture.kitchen.table,maestro,Cardboard,Sea,18,7
furniture.kitchen.table,none,Cardboard,Sea,12,9
furniture.kitchen.table,oral-b,Cardboard,Road,15,8
furniture.kitchen.table,panasonic,Plastic Wrap,Road,20,9
furniture.kitchen.table,peterhof,Wooden Crate,Road,12,7
furniture.kitchen.table,philips,Plastic Wrap,Road,12,6
furniture.kitchen.table,polaris,Wooden Crate,Sea,15,9
furniture.kitchen.table,rondell,Plastic Wrap,Sea,10,7
furniture.kitchen.table,sencor,Cardboard,Sea,18,8
furniture.kitchen.table,staub,Cardboard,Sea,20,7
furniture.kitchen.table,stiga,Cardboard,Road,12,7
furniture.kitchen.table,tefal,Wooden Crate,Sea,12,8
furniture.kitchen.table,tramp,Wooden Crate,Sea,18,8
furniture.kitchen.table,trust,Cardboard,Sea,10,6
furniture.kitchen.table,tvs,Plastic Wrap,Sea,20,9
furniture.kitchen.table,victoria,Cardboard,Sea,10,6
furniture.kitchen.table,weber,Plastic Wrap,Road,12,6
furniture.kitchen.table,xiaomi,Cardboard,Road,12,7
furniture.kitchen.table,zwilling,Wooden Crate,Road,10,7
furniture.living_room.cabinet,aiko,Cardboard,Sea,20,8
furniture.living_room.cabinet,akku,Cardboard,Road,20,7
furniture.living_room.cabinet,apollo,Cardboard,Road,10,9
furniture.living_room.cabinet,bork,Wooden Crate,Road,18,7
furniture.living_room.cabinet,cilek,Cardboard,Road,12,8
furniture.living_room.cabinet,fender,Plastic Wrap,Sea,20,7
furniture.living_room.cabinet,fissman,Plastic Wrap,Road,12,6
furniture.living_room.cabinet,lg,Plastic Wrap,Sea,18,8
furniture.living_room.cabinet,muljhtidom,Cardboard,Sea,18,8
furniture.living_room.cabinet,polaris,Cardboard,Sea,15,6
furniture.living_room.cabinet,president,Plastic Wrap,Road,15,7
furniture.living_room.cabinet,roca,Wooden Crate,Road,10,7
furniture.living_room.cabinet,rondell,Cardboard,Road,12,8
furniture.living_room.cabinet,samsung,Cardboard,Sea,20,8
furniture.living_room.cabinet,staub,Cardboard,Sea,10,9
furniture.living_room.cabinet,technomax,Plastic Wrap,Sea,18,7
furniture.living_room.cabinet,tefal,Plastic Wrap,Road,15,6
furniture.living_room.cabinet,timson,Plastic Wrap,Sea,20,7
furniture.living_room.cabinet,tvs,Plastic Wrap,Road,15,7
furniture.living_room.cabinet,wilmax,Wooden Crate,Road,18,9
furniture.living_room.cabinet,zwilling,Cardboard,Road,20,7
furniture.living_room.chair,acana,Cardboard,Road,15,9
furniture.living_room.chair,aerocool,Plastic Wrap,Road,10,9
furniture.living_room.chair,airline,Wooden Crate,Sea,12,7
furniture.living_room.chair,alinco,Cardboard,Sea,12,9
furniture.living_room.chair,belcando,Plastic Wrap,Road,15,9
furniture.living_room.chair,bjurokrat,Plastic Wrap,Road,12,7
furniture.living_room.chair,chicco,Cardboard,Sea,18,7
furniture.living_room.chair,cilek,Cardboard,Road,20,6
furniture.living_room.chair,cougar,Wooden Crate,Sea,15,7
furniture.living_room.chair,cybex,Cardboard,Road,15,6
furniture.living_room.chair,dogland,Wooden Crate,Sea,10,9
furniture.living_room.chair,dxracer,Wooden Crate,Road,12,8
furniture.living_room.chair,e-blue,Cardboard,Sea,18,7
furniture.living_room.chair,gamdias,Cardboard,Road,18,9
furniture.living_room.chair,gemon,Wooden Crate,Sea,18,8
furniture.living_room.chair,monge,Plastic Wrap,Sea,12,7
furniture.living_room.chair,motorola,Plastic Wrap,Road,10,6
furniture.living_room.chair,none,Plastic Wrap,Road,20,9
furniture.living_room.chair,orion,Cardboard,Sea,12,9
furniture.living_room.chair,pedigree,Plastic Wrap,Sea,18,6
furniture.living_room.chair,reno,Plastic Wrap,Road,12,7
furniture.living_room.chair,simba,Wooden Crate,Sea,15,8
furniture.living_room.chair,thermaltake,Cardboard,Road,10,7
furniture.living_room.chair,trust,Cardboard,Sea,12,8
furniture.living_room.chair,yamaguchi,Plastic Wrap,Sea,20,6
furniture.living_room.chair,zeta,Plastic Wrap,Sea,10,8
furniture.living_room.chair,zlatek,Plastic Wrap,Road,15,8
furniture.living_room.shelving,apollo,Cardboard,Sea,15,8
furniture.living_room.shelving,berghoff,Cardboard,Sea,12,6
furniture.living_room.shelving,fissman,Plastic Wrap,Sea,20,6
furniture.living_room.shelving,grohe,Cardboard,Road,10,8
furniture.living_room.shelving,inhouse,Plastic Wrap,Road,12,6
furniture.living_room.shelving,lamart,Cardboard,Sea,12,6
furniture.living_room.shelving,maestro,Plastic Wrap,Road,20,6
furniture.living_room.shelving,muljhtidom,Cardboard,Road,18,6
furniture.living_room.shelving,none,Plastic Wrap,Road,10,6
furniture.living_room.shelving,polaris,Wooden Crate,Sea,10,9
furniture.living_room.shelving,pyrex,Cardboard,Sea,20,7
furniture.living_room.shelving,rondell,Plastic Wrap,Sea,18,8
furniture.living_room.shelving,simax,Plastic Wrap,Sea,12,6
furniture.living_room.shelving,tefal,Plastic Wrap,Road,12,6
furniture.living_room.shelving,toro,Wooden Crate,Sea,15,8
furniture.living_room.shelving,victoria,Cardboard,Sea,20,8
furniture.living_room.shelving,wilmax,Wooden Crate,Road,12,9
furniture.living_room.sofa,akku,Cardboard,Sea,12,7
furniture.living_room.sofa,berghoff,Cardboard,Sea,18,7
furniture.living_room.sofa,demidovskiy,Wooden Crate,Sea,18,7
furniture.living_room.sofa,fissman,Plastic Wrap,Sea,12,6
furniture.living_room.sofa,imbema,Plastic Wrap,Road,18,8
furniture.living_room.sofa,isolon,Wooden Crate,Road,18,8
furniture.living_room.sofa,none,Plastic Wrap,Road,10,6
furniture.living_room.sofa,regnum,Plastic Wrap,Sea,15,8
furniture.living_room.sofa,rondell,Plastic Wrap,Road,12,8
furniture.living_room.sofa,tramp,Wooden Crate,Sea,10,9
furniture.living_room.sofa,wilmax,Cardboard,Road,20,8
furniture.universal.light,eglo,Cardboard,Road,10,6
kids.bottles,alpengaudi,Paper,Air,3,4
kids.bottles,baboo,Paper,Air,3,4
kids.bottles,cdc,Paper,Road,2,4
kids.bottles,chicco,Cardboard,Air,3,5
kids.bottles,fissman,Cardboard,Air,2,5
kids.bottles,medela,Cardboard,Road,4,4
kids.bottles,molnija,Cardboard,Road,4,4
kids.bottles,nika,Plastic,Road,2,3
kids.bottles,nuk,Plastic,Road,4,4
kids.bottles,stiga,Paper,Road,2,5
kids.carriage,alis,Cardboard,Air,2,5
kids.carriage,baboo,Paper,Air,2,5
kids.carriage,chicco,Plastic,Air,4,3
kids.dolls,aerocool,Paper,Air,2,3
kids.dolls,barbie,Cardboard,Road,3,5
kids.dolls,dc-girls,Paper,Road,3,4
kids.dolls,deepcool,Paper,Air,4,5
kids.dolls,gembird,Paper,Air,3,3
kids.dolls,id-cooling,Paper,Air,2,5
kids.dolls,lol,Paper,Road,4,5
kids.dolls,mattel,Plastic,Road,2,5
kids.dolls,none,Plastic,Road,2,5
kids.dolls,x-cooler,Cardboard,Air,2,3
kids.fmcg.diapers,joonies,Paper,Air,2,5
kids.fmcg.diapers,merries,Paper,Air,3,5
kids.skates,eastcoast,Paper,Air,2,4
kids.skates,footwork,Paper,Road,4,4
kids.skates,globber,Cardboard,Road,3,3
kids.skates,highwaybaby,Paper,Air,3,4
kids.skates,joerex,Paper,Air,4,5
kids.skates,kaabo,Paper,Air,2,3
kids.skates,micro,Cardboard,Air,3,4
kids.skates,ninebot,Cardboard,Air,4,4
kids.skates,stiga,Plastic,Road,3,3
kids.skates,tribe,Paper,Air,2,3
kids.skates,xiaomi,Paper,Road,2,4
kids.swing,chicco,Plastic,Air,3,3
kids.toys,aerocool,Paper,Road,4,3
kids.toys,asus,Plastic,Road,4,4
kids.toys,ava,Plastic,Road,3,5
kids.toys,avermedia,Paper,Road,2,5
kids.toys,baboo,Plastic,Road,2,5
kids.toys,cablexpert,Plastic,Air,3,4
kids.toys,chicco,Cardboard,Road,2,5
kids.toys,corsair,Paper,Road,4,5
kids.toys,deepcool,Cardboard,Air,3,3
kids.toys,dougez,Cardboard,Air,4,3
kids.toys,gamemax,Cardboard,Air,2,3
kids.toys,goliath,Paper,Air,3,3
kids.toys,id-cooling,Paper,Road,4,3
kids.toys,jonsbo,Paper,Road,4,3
kids.toys,jose,Plastic,Road,2,4
kids.toys,lefard,Cardboard,Road,3,5
kids.toys,neo,Paper,Air,2,5
kids.toys,none,Paper,Road,4,4
kids.toys,nvidia,Plastic,Road,2,5
kids.toys,nzxt,Plastic,Air,2,4
kids.toys,orico,Cardboard,Air,4,5
kids.toys,rastar,Plastic,Road,2,4
kids.toys,thermaltake,Paper,Road,3,4
kids.toys,transcend,Paper,Road,2,3
kids.toys,xigmatek,Plastic,Air,4,3
medicine.tools.tonometer,braun,Paper,Air,4,5
medicine.tools.tonometer,logitech,Plastic,Road,3,5
medicine.tools.tonometer,medisana,Paper,Air,3,6
medicine.tools.tonometer,omron,Cardboard,Air,4,7
medicine.tools.tonometer,panasonic,Plastic,Road,3,7
medicine.tools.tonometer,philips,Paper,Road,3,5
medicine.tools.tonometer,rowenta,Paper,Road,4,6
medicine.tools.tonometer,xiaomi,Paper,Air,3,7
sport.bicycle,aist,Paper,Road,4,6
sport.bicycle,author,Cardboard,Road,3,5
sport.bicycle,cannondale,Plastic,Air,3,7
sport.bicycle,chicco,Paper,Road,5,7
sport.bicycle,cube,Paper,Air,3,5
sport.bicycle,dahon,Paper,Road,3,7
sport.bicycle,dk,Cardboard,Air,3,6
sport.bicycle,giant,Plastic,Air,3,7
sport.bicycle,globber,Paper,Air,5,5
sport.bicycle,greenway,Cardboard,Road,5,5
sport.bicycle,jose,Plastic,Road,4,5
sport.bicycle,kink,Plastic,Road,4,6
sport.bicycle,kona,Plastic,Air,4,5
sport.bicycle,msep,Cardboard,Road,4,5
sport.bicycle,novatrack,Plastic,Road,4,7
sport.bicycle,savic,Paper,Road,5,5
sport.bicycle,stinger,Plastic,Air,3,6
sport.bicycle,tailg,Plastic,Air,3,6
sport.bicycle,wethepeople,Paper,Road,3,6
sport.bicycle,zevs,Paper,Air,3,7
sport.diving,arena,Cardboard,Road,4,7
sport.diving,bestway,Plastic,Air,3,6
sport.diving,savic,Plastic,Road,4,6
sport.ski,anon,Paper,Road,4,6
sport.ski,dynastar,Cardboard,Road,5,5
sport.ski,tsg,Cardboard,Air,4,7
sport.ski,zhorka,Cardboard,Road,5,5
sport.snowboard,ride,Paper,Road,3,5
sport.snowboard,zhorka,Cardboard,Road,5,5
sport.tennis,babolat,Plastic,Air,5,5
sport.tennis,nintendo,Paper,Air,3,7
sport.tennis,sony,Plastic,Air,5,6
sport.tennis,xbox,Paper,Air,3,7
sport.trainer,art.fit,Plastic,Road,3,7
sport.trainer,billna,Cardboard,Air,4,5
sport.trainer,bradex,Cardboard,Air,5,6
sport.trainer,evere,Paper,Road,5,5
sport.trainer,eyfel,Cardboard,Road,4,5
sport.trainer,genau,Cardboard,Road,4,5
sport.trainer,hms,Plastic,Road,5,7
sport.trainer,oma,Cardboard,Air,4,5
sport.trainer,sportop,Plastic,Air,5,5
sport.trainer,ta-sport,Paper,Road,5,7
sport.trainer,tacx,Plastic,Road,3,5
sport.trainer,taoran,Plastic,Road,4,6
sport.trainer,technogym,Plastic,Road,3,5
sport.trainer,waterrower,Cardboard,Road,5,7
stationery.battery,camelion,Plastic,Air,5,6
stationery.battery,duracell,Paper,Road,3,6
stationery.battery,nikon,Plastic,Air,5,6
stationery.battery,varta,Plastic,Air,5,7
stationery.battery,xiaomi,Cardboard,Road,3,7
stationery.cartrige,canon,Cardboard,Air,5,7
stationery.cartrige,colorfix,Paper,Road,5,7
stationery.cartrige,epson,Cardboard,Road,4,5
stationery.cartrige,europrint,Plastic,Road,4,5
stationery.cartrige,hp,Plastic,Road,3,5
stationery.cartrige,kyocera,Plastic,Air,4,7
stationery.cartrige,nv-print,Cardboard,Air,5,7
stationery.cartrige,sakura,Cardboard,Air,3,7
stationery.cartrige,samsung,Plastic,Road,5,7
stationery.paper,canon,Paper,Road,5,5
stationery.paper,delux,Paper,Air,3,6
stationery.paper,deluxe,Plastic,Air,3,7
stationery.paper,epson,Cardboard,Air,4,6
stationery.paper,hp,Paper,Road,3,5
stationery.paper,kodak,Plastic,Air,5,5
stationery.paper,luch,Paper,Road,5,6
stationery.paper,paperline,Cardboard,Air,4,7
stationery.paper,raduga,Cardboard,Air,3,7
stationery.paper,svetocopy,Paper,Road,5,6
stationery.paper,zala,Plastic,Road,3,5
stationery.stapler,arena,Plastic,Air,5,5
stationery.stapler,att,Cardboard,Air,3,5
stationery.stapler,bestway,Cardboard,Road,3,6
stationery.stapler,bosch,Paper,Air,3,6
stationery.stapler,dji,Plastic,Road,4,5
stationery.stapler,finis,Paper,Road,5,5
stationery.stapler,hoco,Plastic,Air,3,7
stationery.stapler,intex,Cardboard,Road,4,7
stationery.stapler,joby,Plastic,Air,4,7
stationery.stapler,sjcam,Cardboard,Road,5,5
stationery.stapler,tyr,Cardboard,Road,3,6
stationery.stapler,xiaomi,Paper,Road,4,7
